initial NOx and VOCR concentration:   0.26000E-02,  0.11180E+00
 O3,ivoc,inox,N(V),S(VI)
  0.46694E+02,  0.25000E-01,  0.15000E-02,  0.14512E+01,  0.10243E+04
  0.50826E+02,  0.50000E-01,  0.15000E-02,  0.14512E+01,  0.10243E+04
  0.53614E+02,  0.75000E-01,  0.15000E-02,  0.14512E+01,  0.10243E+04
  0.54490E+02,  0.10000E+00,  0.15000E-02,  0.14512E+01,  0.10243E+04
  0.55595E+02,  0.12500E+00,  0.15000E-02,  0.14512E+01,  0.10243E+04
  0.57159E+02,  0.15000E+00,  0.15000E-02,  0.14512E+01,  0.10243E+04
  0.57762E+02,  0.17500E+00,  0.15000E-02,  0.14512E+01,  0.10243E+04
  0.57593E+02,  0.20000E+00,  0.15000E-02,  0.14512E+01,  0.10243E+04
  0.57325E+02,  0.22500E+00,  0.15000E-02,  0.14512E+01,  0.10243E+04
  0.58405E+02,  0.25000E+00,  0.15000E-02,  0.14512E+01,  0.10243E+04
  0.58616E+02,  0.27500E+00,  0.15000E-02,  0.14512E+01,  0.10243E+04
  0.58769E+02,  0.30000E+00,  0.15000E-02,  0.14512E+01,  0.10243E+04
  0.58956E+02,  0.32500E+00,  0.15000E-02,  0.14512E+01,  0.10243E+04
  0.59134E+02,  0.35000E+00,  0.15000E-02,  0.14512E+01,  0.10243E+04
  0.59118E+02,  0.37500E+00,  0.15000E-02,  0.14512E+01,  0.10243E+04
  0.59499E+02,  0.40000E+00,  0.15000E-02,  0.14512E+01,  0.10243E+04
  0.59306E+02,  0.42500E+00,  0.15000E-02,  0.14512E+01,  0.10243E+04
  0.59344E+02,  0.45000E+00,  0.15000E-02,  0.14512E+01,  0.10243E+04
  0.59427E+02,  0.47500E+00,  0.15000E-02,  0.14512E+01,  0.10243E+04
  0.59721E+02,  0.50000E+00,  0.15000E-02,  0.14512E+01,  0.10243E+04
  0.44351E+02,  0.25000E-01,  0.30000E-02,  0.14512E+01,  0.10243E+04
  0.53100E+02,  0.50000E-01,  0.30000E-02,  0.14512E+01,  0.10243E+04
  0.59228E+02,  0.75000E-01,  0.30000E-02,  0.14512E+01,  0.10243E+04
  0.63772E+02,  0.10000E+00,  0.30000E-02,  0.14512E+01,  0.10243E+04
  0.66294E+02,  0.12500E+00,  0.30000E-02,  0.14512E+01,  0.10243E+04
  0.68491E+02,  0.15000E+00,  0.30000E-02,  0.14512E+01,  0.10243E+04
  0.70607E+02,  0.17500E+00,  0.30000E-02,  0.14512E+01,  0.10243E+04
  0.71751E+02,  0.20000E+00,  0.30000E-02,  0.14512E+01,  0.10243E+04
  0.73150E+02,  0.22500E+00,  0.30000E-02,  0.14512E+01,  0.10243E+04
  0.74080E+02,  0.25000E+00,  0.30000E-02,  0.14512E+01,  0.10243E+04
  0.74828E+02,  0.27500E+00,  0.30000E-02,  0.14512E+01,  0.10243E+04
  0.75593E+02,  0.30000E+00,  0.30000E-02,  0.14512E+01,  0.10243E+04
  0.76425E+02,  0.32500E+00,  0.30000E-02,  0.14512E+01,  0.10243E+04
  0.76717E+02,  0.35000E+00,  0.30000E-02,  0.14512E+01,  0.10243E+04
  0.77027E+02,  0.37500E+00,  0.30000E-02,  0.14512E+01,  0.10243E+04
  0.77889E+02,  0.40000E+00,  0.30000E-02,  0.14512E+01,  0.10243E+04
  0.77859E+02,  0.42500E+00,  0.30000E-02,  0.14512E+01,  0.10243E+04
  0.77829E+02,  0.45000E+00,  0.30000E-02,  0.14512E+01,  0.10243E+04
  0.78422E+02,  0.47500E+00,  0.30000E-02,  0.14512E+01,  0.10243E+04
  0.78737E+02,  0.50000E+00,  0.30000E-02,  0.14512E+01,  0.10243E+04
  0.40359E+02,  0.25000E-01,  0.45000E-02,  0.14512E+01,  0.10243E+04
  0.48877E+02,  0.50000E-01,  0.45000E-02,  0.14512E+01,  0.10243E+04
  0.58156E+02,  0.75000E-01,  0.45000E-02,  0.14512E+01,  0.10243E+04
  0.65175E+02,  0.10000E+00,  0.45000E-02,  0.14512E+01,  0.10243E+04
  0.70960E+02,  0.12500E+00,  0.45000E-02,  0.14512E+01,  0.10243E+04
  0.75454E+02,  0.15000E+00,  0.45000E-02,  0.14512E+01,  0.10243E+04
  0.77904E+02,  0.17500E+00,  0.45000E-02,  0.14512E+01,  0.10243E+04
  0.80443E+02,  0.20000E+00,  0.45000E-02,  0.14512E+01,  0.10243E+04
  0.81733E+02,  0.22500E+00,  0.45000E-02,  0.14512E+01,  0.10243E+04
  0.84700E+02,  0.25000E+00,  0.45000E-02,  0.14512E+01,  0.10243E+04
  0.85861E+02,  0.27500E+00,  0.45000E-02,  0.14512E+01,  0.10243E+04
  0.87008E+02,  0.30000E+00,  0.45000E-02,  0.14512E+01,  0.10243E+04
  0.89199E+02,  0.32500E+00,  0.45000E-02,  0.14512E+01,  0.10243E+04
  0.89322E+02,  0.35000E+00,  0.45000E-02,  0.14512E+01,  0.10243E+04
  0.90706E+02,  0.37500E+00,  0.45000E-02,  0.14512E+01,  0.10243E+04
  0.91753E+02,  0.40000E+00,  0.45000E-02,  0.14512E+01,  0.10243E+04
  0.92181E+02,  0.42500E+00,  0.45000E-02,  0.14512E+01,  0.10243E+04
  0.92774E+02,  0.45000E+00,  0.45000E-02,  0.14512E+01,  0.10243E+04
  0.93038E+02,  0.47500E+00,  0.45000E-02,  0.14512E+01,  0.10243E+04
  0.93639E+02,  0.50000E+00,  0.45000E-02,  0.14512E+01,  0.10243E+04
  0.37403E+02,  0.25000E-01,  0.60000E-02,  0.14512E+01,  0.10243E+04
  0.44689E+02,  0.50000E-01,  0.60000E-02,  0.14512E+01,  0.10243E+04
  0.54556E+02,  0.75000E-01,  0.60000E-02,  0.14512E+01,  0.10243E+04
  0.64070E+02,  0.10000E+00,  0.60000E-02,  0.14512E+01,  0.10243E+04
  0.71029E+02,  0.12500E+00,  0.60000E-02,  0.14512E+01,  0.10243E+04
  0.76005E+02,  0.15000E+00,  0.60000E-02,  0.14512E+01,  0.10243E+04
  0.81642E+02,  0.17500E+00,  0.60000E-02,  0.14512E+01,  0.10243E+04
  0.85578E+02,  0.20000E+00,  0.60000E-02,  0.14512E+01,  0.10243E+04
  0.87697E+02,  0.22500E+00,  0.60000E-02,  0.14512E+01,  0.10243E+04
  0.90338E+02,  0.25000E+00,  0.60000E-02,  0.14512E+01,  0.10243E+04
  0.92561E+02,  0.27500E+00,  0.60000E-02,  0.14512E+01,  0.10243E+04
  0.94475E+02,  0.30000E+00,  0.60000E-02,  0.14512E+01,  0.10243E+04
  0.96170E+02,  0.32500E+00,  0.60000E-02,  0.14512E+01,  0.10243E+04
  0.97474E+02,  0.35000E+00,  0.60000E-02,  0.14512E+01,  0.10243E+04
  0.98843E+02,  0.37500E+00,  0.60000E-02,  0.14512E+01,  0.10243E+04
  0.10036E+03,  0.40000E+00,  0.60000E-02,  0.14512E+01,  0.10243E+04
  0.10112E+03,  0.42500E+00,  0.60000E-02,  0.14512E+01,  0.10243E+04
  0.10198E+03,  0.45000E+00,  0.60000E-02,  0.14512E+01,  0.10243E+04
  0.10279E+03,  0.47500E+00,  0.60000E-02,  0.14512E+01,  0.10243E+04
  0.10365E+03,  0.50000E+00,  0.60000E-02,  0.14512E+01,  0.10243E+04
  0.35563E+02,  0.25000E-01,  0.75000E-02,  0.14512E+01,  0.10243E+04
  0.41338E+02,  0.50000E-01,  0.75000E-02,  0.14512E+01,  0.10243E+04
  0.48963E+02,  0.75000E-01,  0.75000E-02,  0.14512E+01,  0.10243E+04
  0.59455E+02,  0.10000E+00,  0.75000E-02,  0.14512E+01,  0.10243E+04
  0.66914E+02,  0.12500E+00,  0.75000E-02,  0.14512E+01,  0.10243E+04
  0.72335E+02,  0.15000E+00,  0.75000E-02,  0.14512E+01,  0.10243E+04
  0.79328E+02,  0.17500E+00,  0.75000E-02,  0.14512E+01,  0.10243E+04
  0.85997E+02,  0.20000E+00,  0.75000E-02,  0.14512E+01,  0.10243E+04
  0.91110E+02,  0.22500E+00,  0.75000E-02,  0.14512E+01,  0.10243E+04
  0.94856E+02,  0.25000E+00,  0.75000E-02,  0.14512E+01,  0.10243E+04
  0.98191E+02,  0.27500E+00,  0.75000E-02,  0.14512E+01,  0.10243E+04
  0.10095E+03,  0.30000E+00,  0.75000E-02,  0.14512E+01,  0.10243E+04
  0.10311E+03,  0.32500E+00,  0.75000E-02,  0.14512E+01,  0.10243E+04
  0.10524E+03,  0.35000E+00,  0.75000E-02,  0.14512E+01,  0.10243E+04
  0.10701E+03,  0.37500E+00,  0.75000E-02,  0.14512E+01,  0.10243E+04
  0.10873E+03,  0.40000E+00,  0.75000E-02,  0.14512E+01,  0.10243E+04
  0.11018E+03,  0.42500E+00,  0.75000E-02,  0.14512E+01,  0.10243E+04
  0.11152E+03,  0.45000E+00,  0.75000E-02,  0.14512E+01,  0.10243E+04
  0.11267E+03,  0.47500E+00,  0.75000E-02,  0.14512E+01,  0.10243E+04
  0.11389E+03,  0.50000E+00,  0.75000E-02,  0.14512E+01,  0.10243E+04
  0.33822E+02,  0.25000E-01,  0.90000E-02,  0.14512E+01,  0.10243E+04
  0.39115E+02,  0.50000E-01,  0.90000E-02,  0.14512E+01,  0.10243E+04
  0.45385E+02,  0.75000E-01,  0.90000E-02,  0.14512E+01,  0.10243E+04
  0.55105E+02,  0.10000E+00,  0.90000E-02,  0.14512E+01,  0.10243E+04
  0.63985E+02,  0.12500E+00,  0.90000E-02,  0.14512E+01,  0.10243E+04
  0.71949E+02,  0.15000E+00,  0.90000E-02,  0.14512E+01,  0.10243E+04
  0.75506E+02,  0.17500E+00,  0.90000E-02,  0.14512E+01,  0.10243E+04
  0.86900E+02,  0.20000E+00,  0.90000E-02,  0.14512E+01,  0.10243E+04
  0.92417E+02,  0.22500E+00,  0.90000E-02,  0.14512E+01,  0.10243E+04
  0.95187E+02,  0.25000E+00,  0.90000E-02,  0.14512E+01,  0.10243E+04
  0.10104E+03,  0.27500E+00,  0.90000E-02,  0.14512E+01,  0.10243E+04
  0.10464E+03,  0.30000E+00,  0.90000E-02,  0.14512E+01,  0.10243E+04
  0.10784E+03,  0.32500E+00,  0.90000E-02,  0.14512E+01,  0.10243E+04
  0.11057E+03,  0.35000E+00,  0.90000E-02,  0.14512E+01,  0.10243E+04
  0.11298E+03,  0.37500E+00,  0.90000E-02,  0.14512E+01,  0.10243E+04
  0.11519E+03,  0.40000E+00,  0.90000E-02,  0.14512E+01,  0.10243E+04
  0.11714E+03,  0.42500E+00,  0.90000E-02,  0.14512E+01,  0.10243E+04
  0.11905E+03,  0.45000E+00,  0.90000E-02,  0.14512E+01,  0.10243E+04
  0.12072E+03,  0.47500E+00,  0.90000E-02,  0.14512E+01,  0.10243E+04
  0.12220E+03,  0.50000E+00,  0.90000E-02,  0.14512E+01,  0.10243E+04
  0.32334E+02,  0.25000E-01,  0.10500E-01,  0.14512E+01,  0.10243E+04
  0.37030E+02,  0.50000E-01,  0.10500E-01,  0.14512E+01,  0.10243E+04
  0.42484E+02,  0.75000E-01,  0.10500E-01,  0.14512E+01,  0.10243E+04
  0.49306E+02,  0.10000E+00,  0.10500E-01,  0.14512E+01,  0.10243E+04
  0.60447E+02,  0.12500E+00,  0.10500E-01,  0.14512E+01,  0.10243E+04
  0.68146E+02,  0.15000E+00,  0.10500E-01,  0.14512E+01,  0.10243E+04
  0.76020E+02,  0.17500E+00,  0.10500E-01,  0.14512E+01,  0.10243E+04
  0.83507E+02,  0.20000E+00,  0.10500E-01,  0.14512E+01,  0.10243E+04
  0.91219E+02,  0.22500E+00,  0.10500E-01,  0.14512E+01,  0.10243E+04
  0.97310E+02,  0.25000E+00,  0.10500E-01,  0.14512E+01,  0.10243E+04
  0.10239E+03,  0.27500E+00,  0.10500E-01,  0.14512E+01,  0.10243E+04
  0.10674E+03,  0.30000E+00,  0.10500E-01,  0.14512E+01,  0.10243E+04
  0.11043E+03,  0.32500E+00,  0.10500E-01,  0.14512E+01,  0.10243E+04
  0.11410E+03,  0.35000E+00,  0.10500E-01,  0.14512E+01,  0.10243E+04
  0.11723E+03,  0.37500E+00,  0.10500E-01,  0.14512E+01,  0.10243E+04
  0.12007E+03,  0.40000E+00,  0.10500E-01,  0.14512E+01,  0.10243E+04
  0.12256E+03,  0.42500E+00,  0.10500E-01,  0.14512E+01,  0.10243E+04
  0.12484E+03,  0.45000E+00,  0.10500E-01,  0.14512E+01,  0.10243E+04
  0.12594E+03,  0.47500E+00,  0.10500E-01,  0.14512E+01,  0.10243E+04
  0.12888E+03,  0.50000E+00,  0.10500E-01,  0.14512E+01,  0.10243E+04
  0.31230E+02,  0.25000E-01,  0.12000E-01,  0.14512E+01,  0.10243E+04
  0.35595E+02,  0.50000E-01,  0.12000E-01,  0.14512E+01,  0.10243E+04
  0.40160E+02,  0.75000E-01,  0.12000E-01,  0.14512E+01,  0.10243E+04
  0.46503E+02,  0.10000E+00,  0.12000E-01,  0.14512E+01,  0.10243E+04
  0.55048E+02,  0.12500E+00,  0.12000E-01,  0.14512E+01,  0.10243E+04
  0.64672E+02,  0.15000E+00,  0.12000E-01,  0.14512E+01,  0.10243E+04
  0.71984E+02,  0.17500E+00,  0.12000E-01,  0.14512E+01,  0.10243E+04
  0.80508E+02,  0.20000E+00,  0.12000E-01,  0.14512E+01,  0.10243E+04
  0.86894E+02,  0.22500E+00,  0.12000E-01,  0.14512E+01,  0.10243E+04
  0.88318E+02,  0.25000E+00,  0.12000E-01,  0.14512E+01,  0.10243E+04
  0.95393E+02,  0.27500E+00,  0.12000E-01,  0.14512E+01,  0.10243E+04
  0.10129E+03,  0.30000E+00,  0.12000E-01,  0.14512E+01,  0.10243E+04
  0.11105E+03,  0.32500E+00,  0.12000E-01,  0.14512E+01,  0.10243E+04
  0.11558E+03,  0.35000E+00,  0.12000E-01,  0.14512E+01,  0.10243E+04
  0.11984E+03,  0.37500E+00,  0.12000E-01,  0.14512E+01,  0.10243E+04
  0.12310E+03,  0.40000E+00,  0.12000E-01,  0.14512E+01,  0.10243E+04
  0.12637E+03,  0.42500E+00,  0.12000E-01,  0.14512E+01,  0.10243E+04
  0.12871E+03,  0.45000E+00,  0.12000E-01,  0.14512E+01,  0.10243E+04
  0.13169E+03,  0.47500E+00,  0.12000E-01,  0.14512E+01,  0.10243E+04
  0.13397E+03,  0.50000E+00,  0.12000E-01,  0.14512E+01,  0.10243E+04
  0.30279E+02,  0.25000E-01,  0.13500E-01,  0.14512E+01,  0.10243E+04
  0.34190E+02,  0.50000E-01,  0.13500E-01,  0.14512E+01,  0.10243E+04
  0.38866E+02,  0.75000E-01,  0.13500E-01,  0.14512E+01,  0.10243E+04
  0.43777E+02,  0.10000E+00,  0.13500E-01,  0.14512E+01,  0.10243E+04
  0.51632E+02,  0.12500E+00,  0.13500E-01,  0.14512E+01,  0.10243E+04
  0.59844E+02,  0.15000E+00,  0.13500E-01,  0.14512E+01,  0.10243E+04
  0.68820E+02,  0.17500E+00,  0.13500E-01,  0.14512E+01,  0.10243E+04
  0.76583E+02,  0.20000E+00,  0.13500E-01,  0.14512E+01,  0.10243E+04
  0.77574E+02,  0.22500E+00,  0.13500E-01,  0.14512E+01,  0.10243E+04
  0.85641E+02,  0.25000E+00,  0.13500E-01,  0.14512E+01,  0.10243E+04
  0.97516E+02,  0.27500E+00,  0.13500E-01,  0.14512E+01,  0.10243E+04
  0.97837E+02,  0.30000E+00,  0.13500E-01,  0.14512E+01,  0.10243E+04
  0.10955E+03,  0.32500E+00,  0.13500E-01,  0.14512E+01,  0.10243E+04
  0.11661E+03,  0.35000E+00,  0.13500E-01,  0.14512E+01,  0.10243E+04
  0.12005E+03,  0.37500E+00,  0.13500E-01,  0.14512E+01,  0.10243E+04
  0.12453E+03,  0.40000E+00,  0.13500E-01,  0.14512E+01,  0.10243E+04
  0.12818E+03,  0.42500E+00,  0.13500E-01,  0.14512E+01,  0.10243E+04
  0.13185E+03,  0.45000E+00,  0.13500E-01,  0.14512E+01,  0.10243E+04
  0.13497E+03,  0.47500E+00,  0.13500E-01,  0.14512E+01,  0.10243E+04
  0.13787E+03,  0.50000E+00,  0.13500E-01,  0.14512E+01,  0.10243E+04
  0.29388E+02,  0.25000E-01,  0.15000E-01,  0.14512E+01,  0.10243E+04
  0.32855E+02,  0.50000E-01,  0.15000E-01,  0.14512E+01,  0.10243E+04
  0.37238E+02,  0.75000E-01,  0.15000E-01,  0.14512E+01,  0.10243E+04
  0.42494E+02,  0.10000E+00,  0.15000E-01,  0.14512E+01,  0.10243E+04
  0.48816E+02,  0.12500E+00,  0.15000E-01,  0.14512E+01,  0.10243E+04
  0.56852E+02,  0.15000E+00,  0.15000E-01,  0.14512E+01,  0.10243E+04
  0.64085E+02,  0.17500E+00,  0.15000E-01,  0.14512E+01,  0.10243E+04
  0.72819E+02,  0.20000E+00,  0.15000E-01,  0.14512E+01,  0.10243E+04
  0.76367E+02,  0.22500E+00,  0.15000E-01,  0.14512E+01,  0.10243E+04
  0.85634E+02,  0.25000E+00,  0.15000E-01,  0.14512E+01,  0.10243E+04
  0.95330E+02,  0.27500E+00,  0.15000E-01,  0.14512E+01,  0.10243E+04
  0.10131E+03,  0.30000E+00,  0.15000E-01,  0.14512E+01,  0.10243E+04
  0.10634E+03,  0.32500E+00,  0.15000E-01,  0.14512E+01,  0.10243E+04
  0.11550E+03,  0.35000E+00,  0.15000E-01,  0.14512E+01,  0.10243E+04
  0.11905E+03,  0.37500E+00,  0.15000E-01,  0.14512E+01,  0.10243E+04
  0.12430E+03,  0.40000E+00,  0.15000E-01,  0.14512E+01,  0.10243E+04
  0.12900E+03,  0.42500E+00,  0.15000E-01,  0.14512E+01,  0.10243E+04
  0.13388E+03,  0.45000E+00,  0.15000E-01,  0.14512E+01,  0.10243E+04
  0.13702E+03,  0.47500E+00,  0.15000E-01,  0.14512E+01,  0.10243E+04
  0.14048E+03,  0.50000E+00,  0.15000E-01,  0.14512E+01,  0.10243E+04
  0.28788E+02,  0.25000E-01,  0.16500E-01,  0.14512E+01,  0.10243E+04
  0.31687E+02,  0.50000E-01,  0.16500E-01,  0.14512E+01,  0.10243E+04
  0.35986E+02,  0.75000E-01,  0.16500E-01,  0.14512E+01,  0.10243E+04
  0.40813E+02,  0.10000E+00,  0.16500E-01,  0.14512E+01,  0.10243E+04
  0.45380E+02,  0.12500E+00,  0.16500E-01,  0.14512E+01,  0.10243E+04
  0.52944E+02,  0.15000E+00,  0.16500E-01,  0.14512E+01,  0.10243E+04
  0.60093E+02,  0.17500E+00,  0.16500E-01,  0.14512E+01,  0.10243E+04
  0.67748E+02,  0.20000E+00,  0.16500E-01,  0.14512E+01,  0.10243E+04
  0.73837E+02,  0.22500E+00,  0.16500E-01,  0.14512E+01,  0.10243E+04
  0.84356E+02,  0.25000E+00,  0.16500E-01,  0.14512E+01,  0.10243E+04
  0.88839E+02,  0.27500E+00,  0.16500E-01,  0.14512E+01,  0.10243E+04
  0.89324E+02,  0.30000E+00,  0.16500E-01,  0.14512E+01,  0.10243E+04
  0.10265E+03,  0.32500E+00,  0.16500E-01,  0.14512E+01,  0.10243E+04
  0.10393E+03,  0.35000E+00,  0.16500E-01,  0.14512E+01,  0.10243E+04
  0.11920E+03,  0.37500E+00,  0.16500E-01,  0.14512E+01,  0.10243E+04
  0.12478E+03,  0.40000E+00,  0.16500E-01,  0.14512E+01,  0.10243E+04
  0.12783E+03,  0.42500E+00,  0.16500E-01,  0.14512E+01,  0.10243E+04
  0.13289E+03,  0.45000E+00,  0.16500E-01,  0.14512E+01,  0.10243E+04
  0.13729E+03,  0.47500E+00,  0.16500E-01,  0.14512E+01,  0.10243E+04
  0.14137E+03,  0.50000E+00,  0.16500E-01,  0.14512E+01,  0.10243E+04
  0.27832E+02,  0.25000E-01,  0.18000E-01,  0.14512E+01,  0.10243E+04
  0.30655E+02,  0.50000E-01,  0.18000E-01,  0.14512E+01,  0.10243E+04
  0.34554E+02,  0.75000E-01,  0.18000E-01,  0.14512E+01,  0.10243E+04
  0.39021E+02,  0.10000E+00,  0.18000E-01,  0.14512E+01,  0.10243E+04
  0.43743E+02,  0.12500E+00,  0.18000E-01,  0.14512E+01,  0.10243E+04
  0.49990E+02,  0.15000E+00,  0.18000E-01,  0.14512E+01,  0.10243E+04
  0.54873E+02,  0.17500E+00,  0.18000E-01,  0.14512E+01,  0.10243E+04
  0.64111E+02,  0.20000E+00,  0.18000E-01,  0.14512E+01,  0.10243E+04
  0.72321E+02,  0.22500E+00,  0.18000E-01,  0.14512E+01,  0.10243E+04
  0.77141E+02,  0.25000E+00,  0.18000E-01,  0.14512E+01,  0.10243E+04
  0.88027E+02,  0.27500E+00,  0.18000E-01,  0.14512E+01,  0.10243E+04
  0.91988E+02,  0.30000E+00,  0.18000E-01,  0.14512E+01,  0.10243E+04
  0.10294E+03,  0.32500E+00,  0.18000E-01,  0.14512E+01,  0.10243E+04
  0.10918E+03,  0.35000E+00,  0.18000E-01,  0.14512E+01,  0.10243E+04
  0.11608E+03,  0.37500E+00,  0.18000E-01,  0.14512E+01,  0.10243E+04
  0.11983E+03,  0.40000E+00,  0.18000E-01,  0.14512E+01,  0.10243E+04
  0.12572E+03,  0.42500E+00,  0.18000E-01,  0.14512E+01,  0.10243E+04
  0.13374E+03,  0.45000E+00,  0.18000E-01,  0.14512E+01,  0.10243E+04
  0.13657E+03,  0.47500E+00,  0.18000E-01,  0.14512E+01,  0.10243E+04
  0.14112E+03,  0.50000E+00,  0.18000E-01,  0.14512E+01,  0.10243E+04
  0.27137E+02,  0.25000E-01,  0.19500E-01,  0.14512E+01,  0.10243E+04
  0.29730E+02,  0.50000E-01,  0.19500E-01,  0.14512E+01,  0.10243E+04
  0.33307E+02,  0.75000E-01,  0.19500E-01,  0.14512E+01,  0.10243E+04
  0.37368E+02,  0.10000E+00,  0.19500E-01,  0.14512E+01,  0.10243E+04
  0.42382E+02,  0.12500E+00,  0.19500E-01,  0.14512E+01,  0.10243E+04
  0.47861E+02,  0.15000E+00,  0.19500E-01,  0.14512E+01,  0.10243E+04
  0.53968E+02,  0.17500E+00,  0.19500E-01,  0.14512E+01,  0.10243E+04
  0.60851E+02,  0.20000E+00,  0.19500E-01,  0.14512E+01,  0.10243E+04
  0.65200E+02,  0.22500E+00,  0.19500E-01,  0.14512E+01,  0.10243E+04
  0.76438E+02,  0.25000E+00,  0.19500E-01,  0.14512E+01,  0.10243E+04
  0.84180E+02,  0.27500E+00,  0.19500E-01,  0.14512E+01,  0.10243E+04
  0.87610E+02,  0.30000E+00,  0.19500E-01,  0.14512E+01,  0.10243E+04
  0.95497E+02,  0.32500E+00,  0.19500E-01,  0.14512E+01,  0.10243E+04
  0.10284E+03,  0.35000E+00,  0.19500E-01,  0.14512E+01,  0.10243E+04
  0.11299E+03,  0.37500E+00,  0.19500E-01,  0.14512E+01,  0.10243E+04
  0.11938E+03,  0.40000E+00,  0.19500E-01,  0.14512E+01,  0.10243E+04
  0.12562E+03,  0.42500E+00,  0.19500E-01,  0.14512E+01,  0.10243E+04
  0.12873E+03,  0.45000E+00,  0.19500E-01,  0.14512E+01,  0.10243E+04
  0.13464E+03,  0.47500E+00,  0.19500E-01,  0.14512E+01,  0.10243E+04
  0.13986E+03,  0.50000E+00,  0.19500E-01,  0.14512E+01,  0.10243E+04
  0.26836E+02,  0.25000E-01,  0.21000E-01,  0.14512E+01,  0.10243E+04
  0.28887E+02,  0.50000E-01,  0.21000E-01,  0.14512E+01,  0.10243E+04
  0.32151E+02,  0.75000E-01,  0.21000E-01,  0.14512E+01,  0.10243E+04
  0.36096E+02,  0.10000E+00,  0.21000E-01,  0.14512E+01,  0.10243E+04
  0.40167E+02,  0.12500E+00,  0.21000E-01,  0.14512E+01,  0.10243E+04
  0.45506E+02,  0.15000E+00,  0.21000E-01,  0.14512E+01,  0.10243E+04
  0.51350E+02,  0.17500E+00,  0.21000E-01,  0.14512E+01,  0.10243E+04
  0.55402E+02,  0.20000E+00,  0.21000E-01,  0.14512E+01,  0.10243E+04
  0.64878E+02,  0.22500E+00,  0.21000E-01,  0.14512E+01,  0.10243E+04
  0.69434E+02,  0.25000E+00,  0.21000E-01,  0.14512E+01,  0.10243E+04
  0.77552E+02,  0.27500E+00,  0.21000E-01,  0.14512E+01,  0.10243E+04
  0.87858E+02,  0.30000E+00,  0.21000E-01,  0.14512E+01,  0.10243E+04
  0.91480E+02,  0.32500E+00,  0.21000E-01,  0.14512E+01,  0.10243E+04
  0.98444E+02,  0.35000E+00,  0.21000E-01,  0.14512E+01,  0.10243E+04
  0.10928E+03,  0.37500E+00,  0.21000E-01,  0.14512E+01,  0.10243E+04
  0.11636E+03,  0.40000E+00,  0.21000E-01,  0.14512E+01,  0.10243E+04
  0.11943E+03,  0.42500E+00,  0.21000E-01,  0.14512E+01,  0.10243E+04
  0.12566E+03,  0.45000E+00,  0.21000E-01,  0.14512E+01,  0.10243E+04
  0.13166E+03,  0.47500E+00,  0.21000E-01,  0.14512E+01,  0.10243E+04
  0.13729E+03,  0.50000E+00,  0.21000E-01,  0.14512E+01,  0.10243E+04
  0.25867E+02,  0.25000E-01,  0.22500E-01,  0.14512E+01,  0.10243E+04
  0.28104E+02,  0.50000E-01,  0.22500E-01,  0.14512E+01,  0.10243E+04
  0.30989E+02,  0.75000E-01,  0.22500E-01,  0.14512E+01,  0.10243E+04
  0.33707E+02,  0.10000E+00,  0.22500E-01,  0.14512E+01,  0.10243E+04
  0.38991E+02,  0.12500E+00,  0.22500E-01,  0.14512E+01,  0.10243E+04
  0.44080E+02,  0.15000E+00,  0.22500E-01,  0.14512E+01,  0.10243E+04
  0.49104E+02,  0.17500E+00,  0.22500E-01,  0.14512E+01,  0.10243E+04
  0.55216E+02,  0.20000E+00,  0.22500E-01,  0.14512E+01,  0.10243E+04
  0.61871E+02,  0.22500E+00,  0.22500E-01,  0.14512E+01,  0.10243E+04
  0.68832E+02,  0.25000E+00,  0.22500E-01,  0.14512E+01,  0.10243E+04
  0.76410E+02,  0.27500E+00,  0.22500E-01,  0.14512E+01,  0.10243E+04
  0.80020E+02,  0.30000E+00,  0.22500E-01,  0.14512E+01,  0.10243E+04
  0.87639E+02,  0.32500E+00,  0.22500E-01,  0.14512E+01,  0.10243E+04
  0.98737E+02,  0.35000E+00,  0.22500E-01,  0.14512E+01,  0.10243E+04
  0.10171E+03,  0.37500E+00,  0.22500E-01,  0.14512E+01,  0.10243E+04
  0.10864E+03,  0.40000E+00,  0.22500E-01,  0.14512E+01,  0.10243E+04
  0.11529E+03,  0.42500E+00,  0.22500E-01,  0.14512E+01,  0.10243E+04
  0.12192E+03,  0.45000E+00,  0.22500E-01,  0.14512E+01,  0.10243E+04
  0.12835E+03,  0.47500E+00,  0.22500E-01,  0.14512E+01,  0.10243E+04
  0.13448E+03,  0.50000E+00,  0.22500E-01,  0.14512E+01,  0.10243E+04
  0.25285E+02,  0.25000E-01,  0.24000E-01,  0.14512E+01,  0.10243E+04
  0.27373E+02,  0.50000E-01,  0.24000E-01,  0.14512E+01,  0.10243E+04
  0.29722E+02,  0.75000E-01,  0.24000E-01,  0.14512E+01,  0.10243E+04
  0.32440E+02,  0.10000E+00,  0.24000E-01,  0.14512E+01,  0.10243E+04
  0.37676E+02,  0.12500E+00,  0.24000E-01,  0.14512E+01,  0.10243E+04
  0.42338E+02,  0.15000E+00,  0.24000E-01,  0.14512E+01,  0.10243E+04
  0.47145E+02,  0.17500E+00,  0.24000E-01,  0.14512E+01,  0.10243E+04
  0.52730E+02,  0.20000E+00,  0.24000E-01,  0.14512E+01,  0.10243E+04
  0.55349E+02,  0.22500E+00,  0.24000E-01,  0.14512E+01,  0.10243E+04
  0.65763E+02,  0.25000E+00,  0.24000E-01,  0.14512E+01,  0.10243E+04
  0.73037E+02,  0.27500E+00,  0.24000E-01,  0.14512E+01,  0.10243E+04
  0.79822E+02,  0.30000E+00,  0.24000E-01,  0.14512E+01,  0.10243E+04
  0.84202E+02,  0.32500E+00,  0.24000E-01,  0.14512E+01,  0.10243E+04
  0.94949E+02,  0.35000E+00,  0.24000E-01,  0.14512E+01,  0.10243E+04
  0.97146E+02,  0.37500E+00,  0.24000E-01,  0.14512E+01,  0.10243E+04
  0.10422E+03,  0.40000E+00,  0.24000E-01,  0.14512E+01,  0.10243E+04
  0.11182E+03,  0.42500E+00,  0.24000E-01,  0.14512E+01,  0.10243E+04
  0.11847E+03,  0.45000E+00,  0.24000E-01,  0.14512E+01,  0.10243E+04
  0.12422E+03,  0.47500E+00,  0.24000E-01,  0.14512E+01,  0.10243E+04
  0.13082E+03,  0.50000E+00,  0.24000E-01,  0.14512E+01,  0.10243E+04
  0.24724E+02,  0.25000E-01,  0.25500E-01,  0.14512E+01,  0.10243E+04
  0.26682E+02,  0.50000E-01,  0.25500E-01,  0.14512E+01,  0.10243E+04
  0.28888E+02,  0.75000E-01,  0.25500E-01,  0.14512E+01,  0.10243E+04
  0.32253E+02,  0.10000E+00,  0.25500E-01,  0.14512E+01,  0.10243E+04
  0.36296E+02,  0.12500E+00,  0.25500E-01,  0.14512E+01,  0.10243E+04
  0.40217E+02,  0.15000E+00,  0.25500E-01,  0.14512E+01,  0.10243E+04
  0.45354E+02,  0.17500E+00,  0.25500E-01,  0.14512E+01,  0.10243E+04
  0.50660E+02,  0.20000E+00,  0.25500E-01,  0.14512E+01,  0.10243E+04
  0.56482E+02,  0.22500E+00,  0.25500E-01,  0.14512E+01,  0.10243E+04
  0.62895E+02,  0.25000E+00,  0.25500E-01,  0.14512E+01,  0.10243E+04
  0.69763E+02,  0.27500E+00,  0.25500E-01,  0.14512E+01,  0.10243E+04
  0.76706E+02,  0.30000E+00,  0.25500E-01,  0.14512E+01,  0.10243E+04
  0.83712E+02,  0.32500E+00,  0.25500E-01,  0.14512E+01,  0.10243E+04
  0.87068E+02,  0.35000E+00,  0.25500E-01,  0.14512E+01,  0.10243E+04
  0.93977E+02,  0.37500E+00,  0.25500E-01,  0.14512E+01,  0.10243E+04
  0.10073E+03,  0.40000E+00,  0.25500E-01,  0.14512E+01,  0.10243E+04
  0.11263E+03,  0.42500E+00,  0.25500E-01,  0.14512E+01,  0.10243E+04
  0.11459E+03,  0.45000E+00,  0.25500E-01,  0.14512E+01,  0.10243E+04
  0.12612E+03,  0.47500E+00,  0.25500E-01,  0.14512E+01,  0.10243E+04
  0.12733E+03,  0.50000E+00,  0.25500E-01,  0.14512E+01,  0.10243E+04
  0.24191E+02,  0.25000E-01,  0.27000E-01,  0.14512E+01,  0.10243E+04
  0.26052E+02,  0.50000E-01,  0.27000E-01,  0.14512E+01,  0.10243E+04
  0.28111E+02,  0.75000E-01,  0.27000E-01,  0.14512E+01,  0.10243E+04
  0.31385E+02,  0.10000E+00,  0.27000E-01,  0.14512E+01,  0.10243E+04
  0.34134E+02,  0.12500E+00,  0.27000E-01,  0.14512E+01,  0.10243E+04
  0.39185E+02,  0.15000E+00,  0.27000E-01,  0.14512E+01,  0.10243E+04
  0.43565E+02,  0.17500E+00,  0.27000E-01,  0.14512E+01,  0.10243E+04
  0.48677E+02,  0.20000E+00,  0.27000E-01,  0.14512E+01,  0.10243E+04
  0.54125E+02,  0.22500E+00,  0.27000E-01,  0.14512E+01,  0.10243E+04
  0.60393E+02,  0.25000E+00,  0.27000E-01,  0.14512E+01,  0.10243E+04
  0.66758E+02,  0.27500E+00,  0.27000E-01,  0.14512E+01,  0.10243E+04
  0.70702E+02,  0.30000E+00,  0.27000E-01,  0.14512E+01,  0.10243E+04
  0.80295E+02,  0.32500E+00,  0.27000E-01,  0.14512E+01,  0.10243E+04
  0.84215E+02,  0.35000E+00,  0.27000E-01,  0.14512E+01,  0.10243E+04
  0.90570E+02,  0.37500E+00,  0.27000E-01,  0.14512E+01,  0.10243E+04
  0.97129E+02,  0.40000E+00,  0.27000E-01,  0.14512E+01,  0.10243E+04
  0.10396E+03,  0.42500E+00,  0.27000E-01,  0.14512E+01,  0.10243E+04
  0.11588E+03,  0.45000E+00,  0.27000E-01,  0.14512E+01,  0.10243E+04
  0.11735E+03,  0.47500E+00,  0.27000E-01,  0.14512E+01,  0.10243E+04
  0.12397E+03,  0.50000E+00,  0.27000E-01,  0.14512E+01,  0.10243E+04
  0.23699E+02,  0.25000E-01,  0.28500E-01,  0.14512E+01,  0.10243E+04
  0.25462E+02,  0.50000E-01,  0.28500E-01,  0.14512E+01,  0.10243E+04
  0.27383E+02,  0.75000E-01,  0.28500E-01,  0.14512E+01,  0.10243E+04
  0.29865E+02,  0.10000E+00,  0.28500E-01,  0.14512E+01,  0.10243E+04
  0.33784E+02,  0.12500E+00,  0.28500E-01,  0.14512E+01,  0.10243E+04
  0.37613E+02,  0.15000E+00,  0.28500E-01,  0.14512E+01,  0.10243E+04
  0.42215E+02,  0.17500E+00,  0.28500E-01,  0.14512E+01,  0.10243E+04
  0.46929E+02,  0.20000E+00,  0.28500E-01,  0.14512E+01,  0.10243E+04
  0.52037E+02,  0.22500E+00,  0.28500E-01,  0.14512E+01,  0.10243E+04
  0.57936E+02,  0.25000E+00,  0.28500E-01,  0.14512E+01,  0.10243E+04
  0.61233E+02,  0.27500E+00,  0.28500E-01,  0.14512E+01,  0.10243E+04
  0.70398E+02,  0.30000E+00,  0.28500E-01,  0.14512E+01,  0.10243E+04
  0.77223E+02,  0.32500E+00,  0.28500E-01,  0.14512E+01,  0.10243E+04
  0.80962E+02,  0.35000E+00,  0.28500E-01,  0.14512E+01,  0.10243E+04
  0.87327E+02,  0.37500E+00,  0.28500E-01,  0.14512E+01,  0.10243E+04
  0.93761E+02,  0.40000E+00,  0.28500E-01,  0.14512E+01,  0.10243E+04
  0.93236E+02,  0.42500E+00,  0.28500E-01,  0.14512E+01,  0.10243E+04
  0.10696E+03,  0.45000E+00,  0.28500E-01,  0.14512E+01,  0.10243E+04
  0.11366E+03,  0.47500E+00,  0.28500E-01,  0.14512E+01,  0.10243E+04
  0.12000E+03,  0.50000E+00,  0.28500E-01,  0.14512E+01,  0.10243E+04
  0.23222E+02,  0.25000E-01,  0.30000E-01,  0.14512E+01,  0.10243E+04
  0.24897E+02,  0.50000E-01,  0.30000E-01,  0.14512E+01,  0.10243E+04
  0.26461E+02,  0.75000E-01,  0.30000E-01,  0.14512E+01,  0.10243E+04
  0.28807E+02,  0.10000E+00,  0.30000E-01,  0.14512E+01,  0.10243E+04
  0.32781E+02,  0.12500E+00,  0.30000E-01,  0.14512E+01,  0.10243E+04
  0.36583E+02,  0.15000E+00,  0.30000E-01,  0.14512E+01,  0.10243E+04
  0.40536E+02,  0.17500E+00,  0.30000E-01,  0.14512E+01,  0.10243E+04
  0.45153E+02,  0.20000E+00,  0.30000E-01,  0.14512E+01,  0.10243E+04
  0.50205E+02,  0.22500E+00,  0.30000E-01,  0.14512E+01,  0.10243E+04
  0.54300E+02,  0.25000E+00,  0.30000E-01,  0.14512E+01,  0.10243E+04
  0.61451E+02,  0.27500E+00,  0.30000E-01,  0.14512E+01,  0.10243E+04
  0.64241E+02,  0.30000E+00,  0.30000E-01,  0.14512E+01,  0.10243E+04
  0.74181E+02,  0.32500E+00,  0.30000E-01,  0.14512E+01,  0.10243E+04
  0.80836E+02,  0.35000E+00,  0.30000E-01,  0.14512E+01,  0.10243E+04
  0.87450E+02,  0.37500E+00,  0.30000E-01,  0.14512E+01,  0.10243E+04
  0.90661E+02,  0.40000E+00,  0.30000E-01,  0.14512E+01,  0.10243E+04
  0.96773E+02,  0.42500E+00,  0.30000E-01,  0.14512E+01,  0.10243E+04
  0.10362E+03,  0.45000E+00,  0.30000E-01,  0.14512E+01,  0.10243E+04
  0.10979E+03,  0.47500E+00,  0.30000E-01,  0.14512E+01,  0.10243E+04
  0.11642E+03,  0.50000E+00,  0.30000E-01,  0.14512E+01,  0.10243E+04
