initial NOx and VOCR concentration:   0.80270E-03,  0.75504E-01
 O3,ivoc,inox,N(V),S(VI)
  0.44849E+02,  0.25000E-01,  0.15000E-02,  0.29877E+02,  0.13658E+04
  0.48501E+02,  0.50000E-01,  0.15000E-02,  0.29877E+02,  0.13658E+04
  0.49640E+02,  0.75000E-01,  0.15000E-02,  0.29877E+02,  0.13658E+04
  0.50826E+02,  0.10000E+00,  0.15000E-02,  0.29877E+02,  0.13658E+04
  0.50865E+02,  0.12500E+00,  0.15000E-02,  0.29877E+02,  0.13658E+04
  0.50812E+02,  0.15000E+00,  0.15000E-02,  0.29877E+02,  0.13658E+04
  0.51304E+02,  0.17500E+00,  0.15000E-02,  0.29877E+02,  0.13658E+04
  0.51139E+02,  0.20000E+00,  0.15000E-02,  0.29877E+02,  0.13658E+04
  0.50940E+02,  0.22500E+00,  0.15000E-02,  0.29877E+02,  0.13658E+04
  0.51171E+02,  0.25000E+00,  0.15000E-02,  0.29877E+02,  0.13658E+04
  0.51122E+02,  0.27500E+00,  0.15000E-02,  0.29877E+02,  0.13658E+04
  0.51254E+02,  0.30000E+00,  0.15000E-02,  0.29877E+02,  0.13658E+04
  0.50925E+02,  0.32500E+00,  0.15000E-02,  0.29877E+02,  0.13658E+04
  0.49735E+02,  0.35000E+00,  0.15000E-02,  0.29877E+02,  0.13658E+04
  0.49631E+02,  0.37500E+00,  0.15000E-02,  0.29877E+02,  0.13658E+04
  0.49555E+02,  0.40000E+00,  0.15000E-02,  0.29877E+02,  0.13658E+04
  0.49469E+02,  0.42500E+00,  0.15000E-02,  0.29877E+02,  0.13658E+04
  0.49379E+02,  0.45000E+00,  0.15000E-02,  0.29877E+02,  0.13658E+04
  0.49275E+02,  0.47500E+00,  0.15000E-02,  0.29877E+02,  0.13658E+04
  0.49321E+02,  0.50000E+00,  0.15000E-02,  0.29877E+02,  0.13658E+04
  0.44022E+02,  0.25000E-01,  0.30000E-02,  0.29877E+02,  0.13658E+04
  0.51120E+02,  0.50000E-01,  0.30000E-02,  0.29877E+02,  0.13658E+04
  0.55932E+02,  0.75000E-01,  0.30000E-02,  0.29877E+02,  0.13658E+04
  0.59245E+02,  0.10000E+00,  0.30000E-02,  0.29877E+02,  0.13658E+04
  0.61428E+02,  0.12500E+00,  0.30000E-02,  0.29877E+02,  0.13658E+04
  0.63229E+02,  0.15000E+00,  0.30000E-02,  0.29877E+02,  0.13658E+04
  0.62351E+02,  0.17500E+00,  0.30000E-02,  0.29877E+02,  0.13658E+04
  0.61404E+02,  0.20000E+00,  0.30000E-02,  0.29877E+02,  0.13658E+04
  0.61985E+02,  0.22500E+00,  0.30000E-02,  0.29877E+02,  0.13658E+04
  0.62134E+02,  0.25000E+00,  0.30000E-02,  0.29877E+02,  0.13658E+04
  0.63997E+02,  0.27500E+00,  0.30000E-02,  0.29877E+02,  0.13658E+04
  0.62519E+02,  0.30000E+00,  0.30000E-02,  0.29877E+02,  0.13658E+04
  0.62674E+02,  0.32500E+00,  0.30000E-02,  0.29877E+02,  0.13658E+04
  0.62673E+02,  0.35000E+00,  0.30000E-02,  0.29877E+02,  0.13658E+04
  0.62216E+02,  0.37500E+00,  0.30000E-02,  0.29877E+02,  0.13658E+04
  0.62125E+02,  0.40000E+00,  0.30000E-02,  0.29877E+02,  0.13658E+04
  0.62117E+02,  0.42500E+00,  0.30000E-02,  0.29877E+02,  0.13658E+04
  0.62111E+02,  0.45000E+00,  0.30000E-02,  0.29877E+02,  0.13658E+04
  0.62040E+02,  0.47500E+00,  0.30000E-02,  0.29877E+02,  0.13658E+04
  0.61945E+02,  0.50000E+00,  0.30000E-02,  0.29877E+02,  0.13658E+04
  0.40016E+02,  0.25000E-01,  0.45000E-02,  0.29877E+02,  0.13658E+04
  0.48912E+02,  0.50000E-01,  0.45000E-02,  0.29877E+02,  0.13658E+04
  0.55761E+02,  0.75000E-01,  0.45000E-02,  0.29877E+02,  0.13658E+04
  0.61549E+02,  0.10000E+00,  0.45000E-02,  0.29877E+02,  0.13658E+04
  0.64426E+02,  0.12500E+00,  0.45000E-02,  0.29877E+02,  0.13658E+04
  0.69425E+02,  0.15000E+00,  0.45000E-02,  0.29877E+02,  0.13658E+04
  0.69767E+02,  0.17500E+00,  0.45000E-02,  0.29877E+02,  0.13658E+04
  0.69332E+02,  0.20000E+00,  0.45000E-02,  0.29877E+02,  0.13658E+04
  0.71023E+02,  0.22500E+00,  0.45000E-02,  0.29877E+02,  0.13658E+04
  0.70937E+02,  0.25000E+00,  0.45000E-02,  0.29877E+02,  0.13658E+04
  0.72070E+02,  0.27500E+00,  0.45000E-02,  0.29877E+02,  0.13658E+04
  0.72741E+02,  0.30000E+00,  0.45000E-02,  0.29877E+02,  0.13658E+04
  0.73061E+02,  0.32500E+00,  0.45000E-02,  0.29877E+02,  0.13658E+04
  0.73277E+02,  0.35000E+00,  0.45000E-02,  0.29877E+02,  0.13658E+04
  0.73001E+02,  0.37500E+00,  0.45000E-02,  0.29877E+02,  0.13658E+04
  0.73666E+02,  0.40000E+00,  0.45000E-02,  0.29877E+02,  0.13658E+04
  0.72796E+02,  0.42500E+00,  0.45000E-02,  0.29877E+02,  0.13658E+04
  0.73701E+02,  0.45000E+00,  0.45000E-02,  0.29877E+02,  0.13658E+04
  0.73680E+02,  0.47500E+00,  0.45000E-02,  0.29877E+02,  0.13658E+04
  0.72913E+02,  0.50000E+00,  0.45000E-02,  0.29877E+02,  0.13658E+04
  0.37375E+02,  0.25000E-01,  0.60000E-02,  0.29877E+02,  0.13658E+04
  0.44992E+02,  0.50000E-01,  0.60000E-02,  0.29877E+02,  0.13658E+04
  0.52648E+02,  0.75000E-01,  0.60000E-02,  0.29877E+02,  0.13658E+04
  0.59853E+02,  0.10000E+00,  0.60000E-02,  0.29877E+02,  0.13658E+04
  0.66032E+02,  0.12500E+00,  0.60000E-02,  0.29877E+02,  0.13658E+04
  0.70769E+02,  0.15000E+00,  0.60000E-02,  0.29877E+02,  0.13658E+04
  0.74196E+02,  0.17500E+00,  0.60000E-02,  0.29877E+02,  0.13658E+04
  0.77877E+02,  0.20000E+00,  0.60000E-02,  0.29877E+02,  0.13658E+04
  0.77336E+02,  0.22500E+00,  0.60000E-02,  0.29877E+02,  0.13658E+04
  0.78779E+02,  0.25000E+00,  0.60000E-02,  0.29877E+02,  0.13658E+04
  0.79896E+02,  0.27500E+00,  0.60000E-02,  0.29877E+02,  0.13658E+04
  0.80669E+02,  0.30000E+00,  0.60000E-02,  0.29877E+02,  0.13658E+04
  0.81317E+02,  0.32500E+00,  0.60000E-02,  0.29877E+02,  0.13658E+04
  0.81881E+02,  0.35000E+00,  0.60000E-02,  0.29877E+02,  0.13658E+04
  0.82374E+02,  0.37500E+00,  0.60000E-02,  0.29877E+02,  0.13658E+04
  0.82842E+02,  0.40000E+00,  0.60000E-02,  0.29877E+02,  0.13658E+04
  0.83089E+02,  0.42500E+00,  0.60000E-02,  0.29877E+02,  0.13658E+04
  0.82121E+02,  0.45000E+00,  0.60000E-02,  0.29877E+02,  0.13658E+04
  0.82309E+02,  0.47500E+00,  0.60000E-02,  0.29877E+02,  0.13658E+04
  0.83720E+02,  0.50000E+00,  0.60000E-02,  0.29877E+02,  0.13658E+04
  0.34654E+02,  0.25000E-01,  0.75000E-02,  0.29877E+02,  0.13658E+04
  0.41749E+02,  0.50000E-01,  0.75000E-02,  0.29877E+02,  0.13658E+04
  0.49608E+02,  0.75000E-01,  0.75000E-02,  0.29877E+02,  0.13658E+04
  0.57856E+02,  0.10000E+00,  0.75000E-02,  0.29877E+02,  0.13658E+04
  0.63217E+02,  0.12500E+00,  0.75000E-02,  0.29877E+02,  0.13658E+04
  0.70254E+02,  0.15000E+00,  0.75000E-02,  0.29877E+02,  0.13658E+04
  0.74961E+02,  0.17500E+00,  0.75000E-02,  0.29877E+02,  0.13658E+04
  0.79238E+02,  0.20000E+00,  0.75000E-02,  0.29877E+02,  0.13658E+04
  0.81271E+02,  0.22500E+00,  0.75000E-02,  0.29877E+02,  0.13658E+04
  0.83633E+02,  0.25000E+00,  0.75000E-02,  0.29877E+02,  0.13658E+04
  0.85450E+02,  0.27500E+00,  0.75000E-02,  0.29877E+02,  0.13658E+04
  0.85768E+02,  0.30000E+00,  0.75000E-02,  0.29877E+02,  0.13658E+04
  0.86849E+02,  0.32500E+00,  0.75000E-02,  0.29877E+02,  0.13658E+04
  0.89112E+02,  0.35000E+00,  0.75000E-02,  0.29877E+02,  0.13658E+04
  0.89790E+02,  0.37500E+00,  0.75000E-02,  0.29877E+02,  0.13658E+04
  0.89118E+02,  0.40000E+00,  0.75000E-02,  0.29877E+02,  0.13658E+04
  0.91004E+02,  0.42500E+00,  0.75000E-02,  0.29877E+02,  0.13658E+04
  0.91399E+02,  0.45000E+00,  0.75000E-02,  0.29877E+02,  0.13658E+04
  0.90468E+02,  0.47500E+00,  0.75000E-02,  0.29877E+02,  0.13658E+04
  0.90754E+02,  0.50000E+00,  0.75000E-02,  0.29877E+02,  0.13658E+04
  0.32341E+02,  0.25000E-01,  0.90000E-02,  0.29877E+02,  0.13658E+04
  0.38640E+02,  0.50000E-01,  0.90000E-02,  0.29877E+02,  0.13658E+04
  0.44793E+02,  0.75000E-01,  0.90000E-02,  0.29877E+02,  0.13658E+04
  0.52874E+02,  0.10000E+00,  0.90000E-02,  0.29877E+02,  0.13658E+04
  0.58275E+02,  0.12500E+00,  0.90000E-02,  0.29877E+02,  0.13658E+04
  0.68463E+02,  0.15000E+00,  0.90000E-02,  0.29877E+02,  0.13658E+04
  0.74553E+02,  0.17500E+00,  0.90000E-02,  0.29877E+02,  0.13658E+04
  0.79353E+02,  0.20000E+00,  0.90000E-02,  0.29877E+02,  0.13658E+04
  0.83497E+02,  0.22500E+00,  0.90000E-02,  0.29877E+02,  0.13658E+04
  0.86816E+02,  0.25000E+00,  0.90000E-02,  0.29877E+02,  0.13658E+04
  0.89471E+02,  0.27500E+00,  0.90000E-02,  0.29877E+02,  0.13658E+04
  0.91396E+02,  0.30000E+00,  0.90000E-02,  0.29877E+02,  0.13658E+04
  0.93156E+02,  0.32500E+00,  0.90000E-02,  0.29877E+02,  0.13658E+04
  0.94583E+02,  0.35000E+00,  0.90000E-02,  0.29877E+02,  0.13658E+04
  0.95846E+02,  0.37500E+00,  0.90000E-02,  0.29877E+02,  0.13658E+04
  0.96736E+02,  0.40000E+00,  0.90000E-02,  0.29877E+02,  0.13658E+04
  0.97598E+02,  0.42500E+00,  0.90000E-02,  0.29877E+02,  0.13658E+04
  0.98405E+02,  0.45000E+00,  0.90000E-02,  0.29877E+02,  0.13658E+04
  0.99240E+02,  0.47500E+00,  0.90000E-02,  0.29877E+02,  0.13658E+04
  0.99635E+02,  0.50000E+00,  0.90000E-02,  0.29877E+02,  0.13658E+04
  0.30818E+02,  0.25000E-01,  0.10500E-01,  0.29877E+02,  0.13658E+04
  0.36484E+02,  0.50000E-01,  0.10500E-01,  0.29877E+02,  0.13658E+04
  0.42850E+02,  0.75000E-01,  0.10500E-01,  0.29877E+02,  0.13658E+04
  0.50579E+02,  0.10000E+00,  0.10500E-01,  0.29877E+02,  0.13658E+04
  0.57596E+02,  0.12500E+00,  0.10500E-01,  0.29877E+02,  0.13658E+04
  0.61289E+02,  0.15000E+00,  0.10500E-01,  0.29877E+02,  0.13658E+04
  0.71991E+02,  0.17500E+00,  0.10500E-01,  0.29877E+02,  0.13658E+04
  0.77825E+02,  0.20000E+00,  0.10500E-01,  0.29877E+02,  0.13658E+04
  0.83368E+02,  0.22500E+00,  0.10500E-01,  0.29877E+02,  0.13658E+04
  0.86720E+02,  0.25000E+00,  0.10500E-01,  0.29877E+02,  0.13658E+04
  0.90707E+02,  0.27500E+00,  0.10500E-01,  0.29877E+02,  0.13658E+04
  0.93397E+02,  0.30000E+00,  0.10500E-01,  0.29877E+02,  0.13658E+04
  0.96525E+02,  0.32500E+00,  0.10500E-01,  0.29877E+02,  0.13658E+04
  0.98655E+02,  0.35000E+00,  0.10500E-01,  0.29877E+02,  0.13658E+04
  0.99072E+02,  0.37500E+00,  0.10500E-01,  0.29877E+02,  0.13658E+04
  0.10189E+03,  0.40000E+00,  0.10500E-01,  0.29877E+02,  0.13658E+04
  0.10321E+03,  0.42500E+00,  0.10500E-01,  0.29877E+02,  0.13658E+04
  0.10427E+03,  0.45000E+00,  0.10500E-01,  0.29877E+02,  0.13658E+04
  0.10519E+03,  0.47500E+00,  0.10500E-01,  0.29877E+02,  0.13658E+04
  0.10430E+03,  0.50000E+00,  0.10500E-01,  0.29877E+02,  0.13658E+04
  0.29551E+02,  0.25000E-01,  0.12000E-01,  0.29877E+02,  0.13658E+04
  0.34704E+02,  0.50000E-01,  0.12000E-01,  0.29877E+02,  0.13658E+04
  0.40860E+02,  0.75000E-01,  0.12000E-01,  0.29877E+02,  0.13658E+04
  0.47585E+02,  0.10000E+00,  0.12000E-01,  0.29877E+02,  0.13658E+04
  0.54654E+02,  0.12500E+00,  0.12000E-01,  0.29877E+02,  0.13658E+04
  0.61523E+02,  0.15000E+00,  0.12000E-01,  0.29877E+02,  0.13658E+04
  0.68559E+02,  0.17500E+00,  0.12000E-01,  0.29877E+02,  0.13658E+04
  0.72933E+02,  0.20000E+00,  0.12000E-01,  0.29877E+02,  0.13658E+04
  0.81260E+02,  0.22500E+00,  0.12000E-01,  0.29877E+02,  0.13658E+04
  0.86006E+02,  0.25000E+00,  0.12000E-01,  0.29877E+02,  0.13658E+04
  0.90461E+02,  0.27500E+00,  0.12000E-01,  0.29877E+02,  0.13658E+04
  0.94844E+02,  0.30000E+00,  0.12000E-01,  0.29877E+02,  0.13658E+04
  0.98237E+02,  0.32500E+00,  0.12000E-01,  0.29877E+02,  0.13658E+04
  0.10112E+03,  0.35000E+00,  0.12000E-01,  0.29877E+02,  0.13658E+04
  0.10280E+03,  0.37500E+00,  0.12000E-01,  0.29877E+02,  0.13658E+04
  0.10576E+03,  0.40000E+00,  0.12000E-01,  0.29877E+02,  0.13658E+04
  0.10610E+03,  0.42500E+00,  0.12000E-01,  0.29877E+02,  0.13658E+04
  0.10902E+03,  0.45000E+00,  0.12000E-01,  0.29877E+02,  0.13658E+04
  0.10865E+03,  0.47500E+00,  0.12000E-01,  0.29877E+02,  0.13658E+04
  0.10963E+03,  0.50000E+00,  0.12000E-01,  0.29877E+02,  0.13658E+04
  0.28459E+02,  0.25000E-01,  0.13500E-01,  0.29877E+02,  0.13658E+04
  0.33350E+02,  0.50000E-01,  0.13500E-01,  0.29877E+02,  0.13658E+04
  0.38875E+02,  0.75000E-01,  0.13500E-01,  0.29877E+02,  0.13658E+04
  0.44875E+02,  0.10000E+00,  0.13500E-01,  0.29877E+02,  0.13658E+04
  0.51741E+02,  0.12500E+00,  0.13500E-01,  0.29877E+02,  0.13658E+04
  0.57019E+02,  0.15000E+00,  0.13500E-01,  0.29877E+02,  0.13658E+04
  0.62602E+02,  0.17500E+00,  0.13500E-01,  0.29877E+02,  0.13658E+04
  0.72203E+02,  0.20000E+00,  0.13500E-01,  0.29877E+02,  0.13658E+04
  0.78625E+02,  0.22500E+00,  0.13500E-01,  0.29877E+02,  0.13658E+04
  0.84194E+02,  0.25000E+00,  0.13500E-01,  0.29877E+02,  0.13658E+04
  0.89420E+02,  0.27500E+00,  0.13500E-01,  0.29877E+02,  0.13658E+04
  0.93881E+02,  0.30000E+00,  0.13500E-01,  0.29877E+02,  0.13658E+04
  0.98349E+02,  0.32500E+00,  0.13500E-01,  0.29877E+02,  0.13658E+04
  0.10219E+03,  0.35000E+00,  0.13500E-01,  0.29877E+02,  0.13658E+04
  0.10542E+03,  0.37500E+00,  0.13500E-01,  0.29877E+02,  0.13658E+04
  0.10814E+03,  0.40000E+00,  0.13500E-01,  0.29877E+02,  0.13658E+04
  0.11045E+03,  0.42500E+00,  0.13500E-01,  0.29877E+02,  0.13658E+04
  0.11257E+03,  0.45000E+00,  0.13500E-01,  0.29877E+02,  0.13658E+04
  0.11423E+03,  0.47500E+00,  0.13500E-01,  0.29877E+02,  0.13658E+04
  0.11413E+03,  0.50000E+00,  0.13500E-01,  0.29877E+02,  0.13658E+04
  0.27488E+02,  0.25000E-01,  0.15000E-01,  0.29877E+02,  0.13658E+04
  0.32079E+02,  0.50000E-01,  0.15000E-01,  0.29877E+02,  0.13658E+04
  0.37219E+02,  0.75000E-01,  0.15000E-01,  0.29877E+02,  0.13658E+04
  0.42630E+02,  0.10000E+00,  0.15000E-01,  0.29877E+02,  0.13658E+04
  0.49188E+02,  0.12500E+00,  0.15000E-01,  0.29877E+02,  0.13658E+04
  0.55510E+02,  0.15000E+00,  0.15000E-01,  0.29877E+02,  0.13658E+04
  0.62006E+02,  0.17500E+00,  0.15000E-01,  0.29877E+02,  0.13658E+04
  0.68462E+02,  0.20000E+00,  0.15000E-01,  0.29877E+02,  0.13658E+04
  0.75137E+02,  0.22500E+00,  0.15000E-01,  0.29877E+02,  0.13658E+04
  0.80858E+02,  0.25000E+00,  0.15000E-01,  0.29877E+02,  0.13658E+04
  0.87135E+02,  0.27500E+00,  0.15000E-01,  0.29877E+02,  0.13658E+04
  0.92455E+02,  0.30000E+00,  0.15000E-01,  0.29877E+02,  0.13658E+04
  0.97384E+02,  0.32500E+00,  0.15000E-01,  0.29877E+02,  0.13658E+04
  0.10174E+03,  0.35000E+00,  0.15000E-01,  0.29877E+02,  0.13658E+04
  0.10583E+03,  0.37500E+00,  0.15000E-01,  0.29877E+02,  0.13658E+04
  0.10919E+03,  0.40000E+00,  0.15000E-01,  0.29877E+02,  0.13658E+04
  0.11231E+03,  0.42500E+00,  0.15000E-01,  0.29877E+02,  0.13658E+04
  0.11482E+03,  0.45000E+00,  0.15000E-01,  0.29877E+02,  0.13658E+04
  0.11714E+03,  0.47500E+00,  0.15000E-01,  0.29877E+02,  0.13658E+04
  0.11915E+03,  0.50000E+00,  0.15000E-01,  0.29877E+02,  0.13658E+04
  0.26663E+02,  0.25000E-01,  0.16500E-01,  0.29877E+02,  0.13658E+04
  0.30809E+02,  0.50000E-01,  0.16500E-01,  0.29877E+02,  0.13658E+04
  0.35655E+02,  0.75000E-01,  0.16500E-01,  0.29877E+02,  0.13658E+04
  0.40787E+02,  0.10000E+00,  0.16500E-01,  0.29877E+02,  0.13658E+04
  0.46591E+02,  0.12500E+00,  0.16500E-01,  0.29877E+02,  0.13658E+04
  0.52793E+02,  0.15000E+00,  0.16500E-01,  0.29877E+02,  0.13658E+04
  0.58535E+02,  0.17500E+00,  0.16500E-01,  0.29877E+02,  0.13658E+04
  0.65846E+02,  0.20000E+00,  0.16500E-01,  0.29877E+02,  0.13658E+04
  0.71906E+02,  0.22500E+00,  0.16500E-01,  0.29877E+02,  0.13658E+04
  0.78522E+02,  0.25000E+00,  0.16500E-01,  0.29877E+02,  0.13658E+04
  0.84263E+02,  0.27500E+00,  0.16500E-01,  0.29877E+02,  0.13658E+04
  0.90281E+02,  0.30000E+00,  0.16500E-01,  0.29877E+02,  0.13658E+04
  0.95353E+02,  0.32500E+00,  0.16500E-01,  0.29877E+02,  0.13658E+04
  0.10039E+03,  0.35000E+00,  0.16500E-01,  0.29877E+02,  0.13658E+04
  0.10470E+03,  0.37500E+00,  0.16500E-01,  0.29877E+02,  0.13658E+04
  0.10886E+03,  0.40000E+00,  0.16500E-01,  0.29877E+02,  0.13658E+04
  0.11270E+03,  0.42500E+00,  0.16500E-01,  0.29877E+02,  0.13658E+04
  0.11590E+03,  0.45000E+00,  0.16500E-01,  0.29877E+02,  0.13658E+04
  0.11905E+03,  0.47500E+00,  0.16500E-01,  0.29877E+02,  0.13658E+04
  0.12139E+03,  0.50000E+00,  0.16500E-01,  0.29877E+02,  0.13658E+04
  0.25877E+02,  0.25000E-01,  0.18000E-01,  0.29877E+02,  0.13658E+04
  0.29711E+02,  0.50000E-01,  0.18000E-01,  0.29877E+02,  0.13658E+04
  0.34311E+02,  0.75000E-01,  0.18000E-01,  0.29877E+02,  0.13658E+04
  0.39104E+02,  0.10000E+00,  0.18000E-01,  0.29877E+02,  0.13658E+04
  0.44412E+02,  0.12500E+00,  0.18000E-01,  0.29877E+02,  0.13658E+04
  0.50187E+02,  0.15000E+00,  0.18000E-01,  0.29877E+02,  0.13658E+04
  0.56272E+02,  0.17500E+00,  0.18000E-01,  0.29877E+02,  0.13658E+04
  0.62391E+02,  0.20000E+00,  0.18000E-01,  0.29877E+02,  0.13658E+04
  0.68582E+02,  0.22500E+00,  0.18000E-01,  0.29877E+02,  0.13658E+04
  0.75563E+02,  0.25000E+00,  0.18000E-01,  0.29877E+02,  0.13658E+04
  0.81730E+02,  0.27500E+00,  0.18000E-01,  0.29877E+02,  0.13658E+04
  0.86730E+02,  0.30000E+00,  0.18000E-01,  0.29877E+02,  0.13658E+04
  0.93183E+02,  0.32500E+00,  0.18000E-01,  0.29877E+02,  0.13658E+04
  0.97728E+02,  0.35000E+00,  0.18000E-01,  0.29877E+02,  0.13658E+04
  0.10330E+03,  0.37500E+00,  0.18000E-01,  0.29877E+02,  0.13658E+04
  0.10757E+03,  0.40000E+00,  0.18000E-01,  0.29877E+02,  0.13658E+04
  0.11192E+03,  0.42500E+00,  0.18000E-01,  0.29877E+02,  0.13658E+04
  0.11590E+03,  0.45000E+00,  0.18000E-01,  0.29877E+02,  0.13658E+04
  0.11933E+03,  0.47500E+00,  0.18000E-01,  0.29877E+02,  0.13658E+04
  0.12240E+03,  0.50000E+00,  0.18000E-01,  0.29877E+02,  0.13658E+04
  0.25175E+02,  0.25000E-01,  0.19500E-01,  0.29877E+02,  0.13658E+04
  0.28737E+02,  0.50000E-01,  0.19500E-01,  0.29877E+02,  0.13658E+04
  0.32995E+02,  0.75000E-01,  0.19500E-01,  0.29877E+02,  0.13658E+04
  0.37621E+02,  0.10000E+00,  0.19500E-01,  0.29877E+02,  0.13658E+04
  0.42701E+02,  0.12500E+00,  0.19500E-01,  0.29877E+02,  0.13658E+04
  0.48328E+02,  0.15000E+00,  0.19500E-01,  0.29877E+02,  0.13658E+04
  0.52268E+02,  0.17500E+00,  0.19500E-01,  0.29877E+02,  0.13658E+04
  0.60246E+02,  0.20000E+00,  0.19500E-01,  0.29877E+02,  0.13658E+04
  0.65703E+02,  0.22500E+00,  0.19500E-01,  0.29877E+02,  0.13658E+04
  0.71640E+02,  0.25000E+00,  0.19500E-01,  0.29877E+02,  0.13658E+04
  0.78504E+02,  0.27500E+00,  0.19500E-01,  0.29877E+02,  0.13658E+04
  0.84427E+02,  0.30000E+00,  0.19500E-01,  0.29877E+02,  0.13658E+04
  0.89755E+02,  0.32500E+00,  0.19500E-01,  0.29877E+02,  0.13658E+04
  0.95386E+02,  0.35000E+00,  0.19500E-01,  0.29877E+02,  0.13658E+04
  0.10252E+03,  0.37500E+00,  0.19500E-01,  0.29877E+02,  0.13658E+04
  0.10592E+03,  0.40000E+00,  0.19500E-01,  0.29877E+02,  0.13658E+04
  0.11052E+03,  0.42500E+00,  0.19500E-01,  0.29877E+02,  0.13658E+04
  0.11459E+03,  0.45000E+00,  0.19500E-01,  0.29877E+02,  0.13658E+04
  0.11878E+03,  0.47500E+00,  0.19500E-01,  0.29877E+02,  0.13658E+04
  0.12241E+03,  0.50000E+00,  0.19500E-01,  0.29877E+02,  0.13658E+04
  0.24463E+02,  0.25000E-01,  0.21000E-01,  0.29877E+02,  0.13658E+04
  0.27804E+02,  0.50000E-01,  0.21000E-01,  0.29877E+02,  0.13658E+04
  0.31816E+02,  0.75000E-01,  0.21000E-01,  0.29877E+02,  0.13658E+04
  0.36253E+02,  0.10000E+00,  0.21000E-01,  0.29877E+02,  0.13658E+04
  0.41027E+02,  0.12500E+00,  0.21000E-01,  0.29877E+02,  0.13658E+04
  0.46338E+02,  0.15000E+00,  0.21000E-01,  0.29877E+02,  0.13658E+04
  0.51963E+02,  0.17500E+00,  0.21000E-01,  0.29877E+02,  0.13658E+04
  0.57847E+02,  0.20000E+00,  0.21000E-01,  0.29877E+02,  0.13658E+04
  0.63651E+02,  0.22500E+00,  0.21000E-01,  0.29877E+02,  0.13658E+04
  0.69328E+02,  0.25000E+00,  0.21000E-01,  0.29877E+02,  0.13658E+04
  0.75564E+02,  0.27500E+00,  0.21000E-01,  0.29877E+02,  0.13658E+04
  0.81717E+02,  0.30000E+00,  0.21000E-01,  0.29877E+02,  0.13658E+04
  0.88438E+02,  0.32500E+00,  0.21000E-01,  0.29877E+02,  0.13658E+04
  0.93782E+02,  0.35000E+00,  0.21000E-01,  0.29877E+02,  0.13658E+04
  0.98493E+02,  0.37500E+00,  0.21000E-01,  0.29877E+02,  0.13658E+04
  0.10360E+03,  0.40000E+00,  0.21000E-01,  0.29877E+02,  0.13658E+04
  0.10856E+03,  0.42500E+00,  0.21000E-01,  0.29877E+02,  0.13658E+04
  0.11471E+03,  0.45000E+00,  0.21000E-01,  0.29877E+02,  0.13658E+04
  0.11721E+03,  0.47500E+00,  0.21000E-01,  0.29877E+02,  0.13658E+04
  0.12144E+03,  0.50000E+00,  0.21000E-01,  0.29877E+02,  0.13658E+04
  0.23823E+02,  0.25000E-01,  0.22500E-01,  0.29877E+02,  0.13658E+04
  0.26951E+02,  0.50000E-01,  0.22500E-01,  0.29877E+02,  0.13658E+04
  0.30736E+02,  0.75000E-01,  0.22500E-01,  0.29877E+02,  0.13658E+04
  0.34971E+02,  0.10000E+00,  0.22500E-01,  0.29877E+02,  0.13658E+04
  0.39662E+02,  0.12500E+00,  0.22500E-01,  0.29877E+02,  0.13658E+04
  0.44504E+02,  0.15000E+00,  0.22500E-01,  0.29877E+02,  0.13658E+04
  0.49899E+02,  0.17500E+00,  0.22500E-01,  0.29877E+02,  0.13658E+04
  0.55692E+02,  0.20000E+00,  0.22500E-01,  0.29877E+02,  0.13658E+04
  0.61626E+02,  0.22500E+00,  0.22500E-01,  0.29877E+02,  0.13658E+04
  0.66804E+02,  0.25000E+00,  0.22500E-01,  0.29877E+02,  0.13658E+04
  0.72684E+02,  0.27500E+00,  0.22500E-01,  0.29877E+02,  0.13658E+04
  0.78648E+02,  0.30000E+00,  0.22500E-01,  0.29877E+02,  0.13658E+04
  0.84334E+02,  0.32500E+00,  0.22500E-01,  0.29877E+02,  0.13658E+04
  0.90046E+02,  0.35000E+00,  0.22500E-01,  0.29877E+02,  0.13658E+04
  0.95446E+02,  0.37500E+00,  0.22500E-01,  0.29877E+02,  0.13658E+04
  0.10230E+03,  0.40000E+00,  0.22500E-01,  0.29877E+02,  0.13658E+04
  0.10623E+03,  0.42500E+00,  0.22500E-01,  0.29877E+02,  0.13658E+04
  0.11076E+03,  0.45000E+00,  0.22500E-01,  0.29877E+02,  0.13658E+04
  0.11678E+03,  0.47500E+00,  0.22500E-01,  0.29877E+02,  0.13658E+04
  0.11965E+03,  0.50000E+00,  0.22500E-01,  0.29877E+02,  0.13658E+04
  0.23234E+02,  0.25000E-01,  0.24000E-01,  0.29877E+02,  0.13658E+04
  0.26151E+02,  0.50000E-01,  0.24000E-01,  0.29877E+02,  0.13658E+04
  0.29778E+02,  0.75000E-01,  0.24000E-01,  0.29877E+02,  0.13658E+04
  0.33729E+02,  0.10000E+00,  0.24000E-01,  0.29877E+02,  0.13658E+04
  0.38245E+02,  0.12500E+00,  0.24000E-01,  0.29877E+02,  0.13658E+04
  0.43068E+02,  0.15000E+00,  0.24000E-01,  0.29877E+02,  0.13658E+04
  0.48136E+02,  0.17500E+00,  0.24000E-01,  0.29877E+02,  0.13658E+04
  0.53316E+02,  0.20000E+00,  0.24000E-01,  0.29877E+02,  0.13658E+04
  0.59192E+02,  0.22500E+00,  0.24000E-01,  0.29877E+02,  0.13658E+04
  0.64656E+02,  0.25000E+00,  0.24000E-01,  0.29877E+02,  0.13658E+04
  0.70026E+02,  0.27500E+00,  0.24000E-01,  0.29877E+02,  0.13658E+04
  0.76125E+02,  0.30000E+00,  0.24000E-01,  0.29877E+02,  0.13658E+04
  0.82705E+02,  0.32500E+00,  0.24000E-01,  0.29877E+02,  0.13658E+04
  0.87179E+02,  0.35000E+00,  0.24000E-01,  0.29877E+02,  0.13658E+04
  0.92806E+02,  0.37500E+00,  0.24000E-01,  0.29877E+02,  0.13658E+04
  0.98420E+02,  0.40000E+00,  0.24000E-01,  0.29877E+02,  0.13658E+04
  0.10480E+03,  0.42500E+00,  0.24000E-01,  0.29877E+02,  0.13658E+04
  0.10890E+03,  0.45000E+00,  0.24000E-01,  0.29877E+02,  0.13658E+04
  0.11481E+03,  0.47500E+00,  0.24000E-01,  0.29877E+02,  0.13658E+04
  0.11839E+03,  0.50000E+00,  0.24000E-01,  0.29877E+02,  0.13658E+04
  0.22675E+02,  0.25000E-01,  0.25500E-01,  0.29877E+02,  0.13658E+04
  0.25444E+02,  0.50000E-01,  0.25500E-01,  0.29877E+02,  0.13658E+04
  0.28856E+02,  0.75000E-01,  0.25500E-01,  0.29877E+02,  0.13658E+04
  0.32618E+02,  0.10000E+00,  0.25500E-01,  0.29877E+02,  0.13658E+04
  0.36896E+02,  0.12500E+00,  0.25500E-01,  0.29877E+02,  0.13658E+04
  0.41383E+02,  0.15000E+00,  0.25500E-01,  0.29877E+02,  0.13658E+04
  0.46237E+02,  0.17500E+00,  0.25500E-01,  0.29877E+02,  0.13658E+04
  0.51292E+02,  0.20000E+00,  0.25500E-01,  0.29877E+02,  0.13658E+04
  0.56462E+02,  0.22500E+00,  0.25500E-01,  0.29877E+02,  0.13658E+04
  0.62522E+02,  0.25000E+00,  0.25500E-01,  0.29877E+02,  0.13658E+04
  0.68324E+02,  0.27500E+00,  0.25500E-01,  0.29877E+02,  0.13658E+04
  0.73565E+02,  0.30000E+00,  0.25500E-01,  0.29877E+02,  0.13658E+04
  0.79825E+02,  0.32500E+00,  0.25500E-01,  0.29877E+02,  0.13658E+04
  0.85773E+02,  0.35000E+00,  0.25500E-01,  0.29877E+02,  0.13658E+04
  0.90168E+02,  0.37500E+00,  0.25500E-01,  0.29877E+02,  0.13658E+04
  0.95828E+02,  0.40000E+00,  0.25500E-01,  0.29877E+02,  0.13658E+04
  0.10099E+03,  0.42500E+00,  0.25500E-01,  0.29877E+02,  0.13658E+04
  0.10761E+03,  0.45000E+00,  0.25500E-01,  0.29877E+02,  0.13658E+04
  0.11267E+03,  0.47500E+00,  0.25500E-01,  0.29877E+02,  0.13658E+04
  0.11745E+03,  0.50000E+00,  0.25500E-01,  0.29877E+02,  0.13658E+04
  0.22151E+02,  0.25000E-01,  0.27000E-01,  0.29877E+02,  0.13658E+04
  0.24617E+02,  0.50000E-01,  0.27000E-01,  0.29877E+02,  0.13658E+04
  0.27853E+02,  0.75000E-01,  0.27000E-01,  0.29877E+02,  0.13658E+04
  0.31688E+02,  0.10000E+00,  0.27000E-01,  0.29877E+02,  0.13658E+04
  0.35684E+02,  0.12500E+00,  0.27000E-01,  0.29877E+02,  0.13658E+04
  0.40065E+02,  0.15000E+00,  0.27000E-01,  0.29877E+02,  0.13658E+04
  0.44640E+02,  0.17500E+00,  0.27000E-01,  0.29877E+02,  0.13658E+04
  0.49412E+02,  0.20000E+00,  0.27000E-01,  0.29877E+02,  0.13658E+04
  0.54580E+02,  0.22500E+00,  0.27000E-01,  0.29877E+02,  0.13658E+04
  0.60419E+02,  0.25000E+00,  0.27000E-01,  0.29877E+02,  0.13658E+04
  0.65612E+02,  0.27500E+00,  0.27000E-01,  0.29877E+02,  0.13658E+04
  0.71102E+02,  0.30000E+00,  0.27000E-01,  0.29877E+02,  0.13658E+04
  0.76589E+02,  0.32500E+00,  0.27000E-01,  0.29877E+02,  0.13658E+04
  0.82124E+02,  0.35000E+00,  0.27000E-01,  0.29877E+02,  0.13658E+04
  0.87588E+02,  0.37500E+00,  0.27000E-01,  0.29877E+02,  0.13658E+04
  0.92491E+02,  0.40000E+00,  0.27000E-01,  0.29877E+02,  0.13658E+04
  0.10007E+03,  0.42500E+00,  0.27000E-01,  0.29877E+02,  0.13658E+04
  0.10534E+03,  0.45000E+00,  0.27000E-01,  0.29877E+02,  0.13658E+04
  0.11030E+03,  0.47500E+00,  0.27000E-01,  0.29877E+02,  0.13658E+04
  0.11551E+03,  0.50000E+00,  0.27000E-01,  0.29877E+02,  0.13658E+04
  0.21654E+02,  0.25000E-01,  0.28500E-01,  0.29877E+02,  0.13658E+04
  0.24030E+02,  0.50000E-01,  0.28500E-01,  0.29877E+02,  0.13658E+04
  0.27056E+02,  0.75000E-01,  0.28500E-01,  0.29877E+02,  0.13658E+04
  0.30723E+02,  0.10000E+00,  0.28500E-01,  0.29877E+02,  0.13658E+04
  0.34518E+02,  0.12500E+00,  0.28500E-01,  0.29877E+02,  0.13658E+04
  0.38763E+02,  0.15000E+00,  0.28500E-01,  0.29877E+02,  0.13658E+04
  0.43283E+02,  0.17500E+00,  0.28500E-01,  0.29877E+02,  0.13658E+04
  0.48004E+02,  0.20000E+00,  0.28500E-01,  0.29877E+02,  0.13658E+04
  0.52848E+02,  0.22500E+00,  0.28500E-01,  0.29877E+02,  0.13658E+04
  0.57938E+02,  0.25000E+00,  0.28500E-01,  0.29877E+02,  0.13658E+04
  0.63689E+02,  0.27500E+00,  0.28500E-01,  0.29877E+02,  0.13658E+04
  0.68974E+02,  0.30000E+00,  0.28500E-01,  0.29877E+02,  0.13658E+04
  0.74272E+02,  0.32500E+00,  0.28500E-01,  0.29877E+02,  0.13658E+04
  0.79649E+02,  0.35000E+00,  0.28500E-01,  0.29877E+02,  0.13658E+04
  0.86069E+02,  0.37500E+00,  0.28500E-01,  0.29877E+02,  0.13658E+04
  0.90454E+02,  0.40000E+00,  0.28500E-01,  0.29877E+02,  0.13658E+04
  0.95522E+02,  0.42500E+00,  0.28500E-01,  0.29877E+02,  0.13658E+04
  0.10089E+03,  0.45000E+00,  0.28500E-01,  0.29877E+02,  0.13658E+04
  0.10593E+03,  0.47500E+00,  0.28500E-01,  0.29877E+02,  0.13658E+04
  0.11294E+03,  0.50000E+00,  0.28500E-01,  0.29877E+02,  0.13658E+04
  0.21181E+02,  0.25000E-01,  0.30000E-01,  0.29877E+02,  0.13658E+04
  0.23564E+02,  0.50000E-01,  0.30000E-01,  0.29877E+02,  0.13658E+04
  0.26314E+02,  0.75000E-01,  0.30000E-01,  0.29877E+02,  0.13658E+04
  0.29816E+02,  0.10000E+00,  0.30000E-01,  0.29877E+02,  0.13658E+04
  0.33532E+02,  0.12500E+00,  0.30000E-01,  0.29877E+02,  0.13658E+04
  0.37447E+02,  0.15000E+00,  0.30000E-01,  0.29877E+02,  0.13658E+04
  0.41809E+02,  0.17500E+00,  0.30000E-01,  0.29877E+02,  0.13658E+04
  0.46432E+02,  0.20000E+00,  0.30000E-01,  0.29877E+02,  0.13658E+04
  0.50951E+02,  0.22500E+00,  0.30000E-01,  0.29877E+02,  0.13658E+04
  0.56069E+02,  0.25000E+00,  0.30000E-01,  0.29877E+02,  0.13658E+04
  0.61691E+02,  0.27500E+00,  0.30000E-01,  0.29877E+02,  0.13658E+04
  0.66789E+02,  0.30000E+00,  0.30000E-01,  0.29877E+02,  0.13658E+04
  0.72058E+02,  0.32500E+00,  0.30000E-01,  0.29877E+02,  0.13658E+04
  0.77348E+02,  0.35000E+00,  0.30000E-01,  0.29877E+02,  0.13658E+04
  0.82531E+02,  0.37500E+00,  0.30000E-01,  0.29877E+02,  0.13658E+04
  0.87900E+02,  0.40000E+00,  0.30000E-01,  0.29877E+02,  0.13658E+04
  0.92654E+02,  0.42500E+00,  0.30000E-01,  0.29877E+02,  0.13658E+04
  0.98223E+02,  0.45000E+00,  0.30000E-01,  0.29877E+02,  0.13658E+04
  0.10372E+03,  0.47500E+00,  0.30000E-01,  0.29877E+02,  0.13658E+04
  0.10854E+03,  0.50000E+00,  0.30000E-01,  0.29877E+02,  0.13658E+04
